query,clicks,impressions,ctr,position
office clearance aberdeen,0,107,0,49.8
house clearance brookmans park,0,73,0,54.0
rubbish clear brookmans park,0,41,0,65.2
deceased estate clearance in radstock,0,40,0,44.2
probate clearances welwyn garden city,0,39,0,53.9
rubbish clearance brookmans park,0,38,0,72.8
bereavement clearance in radstock,0,37,0,36.9
probate and bereavement clearances windsor,0,36,0,45.5
rubbish clearance calstock,0,35,0,6.9
crowlas storage,0,31,0,14.5
praze-an-beeble storage,0,31,0,10.6
perranarworthal storage,0,29,0,16.7
rubbish clearance downderry,0,27,0,7.3
rubbish clearance landrake,0,25,0,15.3
junk clearance brookmans park,0,23,0,66.0
probate clearance surrey,0,23,0,60.1
rubbish clearance gunnislake,0,23,0,15.3
rubbish clearance kingsand,0,23,0,9.0
rubbish clearance menheniot,0,21,0,12.5
probate clearance bracknell,0,19,0,85.5
probate clearance slough,0,19,0,87.5
rubbish clearance rame,0,17,0,10.4
waste clearance brookmans park,0,17,0,67.1
home contents removal in radstock,0,16,0,31.1
house clearance blackwater,0,16,0,28.3
removals newquay,0,15,0,30.5
my house clearance company windsor,0,14,0,60.9
house clearance,0,12,0,52.1
porthleven removals,0,12,0,12.1
rubbish clearance torpoint,0,12,0,19.6
house clearance company in wells,0,11,0,23
house clearance in gainsborough,0,11,0,77.5
house clearance uk,0,11,0,80
garden clearance in tavistock,0,10,0,39.4
house clearance mytchett,0,10,0,51.6
skip hire nailsea,0,10,0,68.3
st austell removals,0,10,0,48.6
house clearance weston super mare,0,8,0,46.5
house clearance wichelstowe,0,8,0,91.9
probate clearances uxbridge,0,8,0,73.6
removals in porthleven,0,8,0,12.4
house clearance expert doncaster,0,7,0,83.9
house clearance newton abbot,0,7,0,31.9
mikes rubbish,0,7,0,7.6
office clearance dalkeith,0,7,0,95.7
playing place storage,0,7,0,43.7
probate clearances wembley,0,7,0,62.1
attic clearance in bristol,0,6,0,76.7
attic or basement and cellar clearances,0,6,0,94.5
house clearance in weston-super-mare,0,6,0,39.8
removals and storage in porthleven,0,6,0,26.2
threemilestone storage,0,6,0,35.7
waste removal bruton,0,6,0,62.7
house clearance hornchurch,0,5,0,74.8
house clearance plymouth,0,5,0,73.2
house clearance yeovil,0,5,0,27.2
new homes in withnoe,0,5,0,45
office clearance in radstock,0,5,0,53.6
porthtowan storage,0,5,0,19.8
probate clearance berkshire,0,5,0,80
probate clearance in radstock,0,5,0,14
rubbish removal brookland,0,5,0,78.4
st ives furniture removals,0,5,0,18.6
appledore skips,0,4,0,78.8
basement clearance,0,4,0,38.8
bereavement clearance newcastle,0,4,0,45.5
bereavement property clearance barnsley,0,4,0,59.5
commercial clearance in radstock,0,4,0,28.8
garage clearance in wells,0,4,0,43.5
ground clearance in tavistock,0,4,0,47.2
house clearance broxburn,0,4,0,58.5
house clearance company in radstock,0,4,0,29.2
house clearance in somerset,0,4,0,55
probate house clearance milton keynes,0,4,0,89.2
rubbish clearance datchet,0,4,0,73
rubbish clearance millbrook,0,4,0,11.8
shed clearance maidenhead,0,4,0,75
stithians storage,0,4,0,35.5
thorverton shredding,0,4,0,51.5
waste removal midsomer norton,0,4,0,37.5
garage clearance in weston-super-mare,0,3,0,48
garage clearance st albans,0,3,0,91.7
home removals truro,0,3,0,30.3
house clearance bishopton,0,3,0,72
house clearance folkestone,0,3,0,73.7
house clearance gainsborough,0,3,0,78.7
house clearance in brixton,0,3,0,38.3
house clearance in lambeth,0,3,0,86.7
house clearance newquay,0,3,0,23.7
mike's clearance,0,3,0,3.3
mike's house,0,3,0,5
mike's waste disposal,0,3,0,6.3
office clearance arbroath,0,3,0,42
probate clearance ovingdean,0,3,0,45.7
probate clearances gerrards cross,0,3,0,72.7
removal+firms+st+mawes,0,3,0,8.7
rubbish clearance modbury,0,3,0,70.3
shed clearance & removal pirton,0,3,0,71.7
soil waste removal glastonbury,0,3,0,79.3
storage unit clearance in radstock,0,3,0,41
waste clearance companies datchet,0,3,0,86
waste clearance in weston-super-mare,0,3,0,70.7
waste removal frome,0,3,0,66.3
waste removal peasedown st john,0,3,0,89.7
waste removal wincanton,0,3,0,66.7
appliance removal looe,0,2,0,14
appliance removal torpoint,0,2,0,41
clearance service in warminster,0,2,0,57.5
clearance services launceston,0,2,0,13.5
commercial clearance in wells,0,2,0,46
dawlish removals,0,2,0,65.5
deceased house clearance west lothian,0,2,0,71.5
fratton probate clearance,0,2,0,30
garage clearance ickleford,0,2,0,85
garage clearance in radstock,0,2,0,60.5
hamble probate clearance,0,2,0,33
hoarder clearance willian,0,2,0,61.5
house clearance aberdeen,0,2,0,71.5
house clearance burton on trent,0,2,0,63
house clearance high wycombe,0,2,0,62
house clearance in marlborough,0,2,0,50.5
house clearance in westbury,0,2,0,69
house clearance in westminster,0,2,0,97
house clearance springburn,0,2,0,61
house clearance st austell,0,2,0,33
house clearance tatsfield,0,2,0,68
house clearance teignmouth,0,2,0,17
house clearance wallington,0,2,0,59.5
house clearance westminster,0,2,0,84
house clearance worcester,0,2,0,72
house removals millbrook,0,2,0,20.5
junk removal in wells,0,2,0,26.5
mike's removal,0,2,0,5.5
mikes clearance,0,2,0,2
office clearance folkestone,0,2,0,55
office clearance in wells,0,2,0,36.5
office furniture removal in radstock,0,2,0,68
plymouth house clearance,0,2,0,74.5
probate clearance broadwater,0,2,0,27
probate clearance haywards heath,0,2,0,48
probate clearance in caerphilly,0,2,0,60.5
probate clearance stevenage,0,2,0,70.5
probate clearances stevenage,0,2,0,75
property declutter in radstock,0,2,0,34.5
removal company stoke fleming,0,2,0,18
removals midsomer norton,0,2,0,27.5
removals st-austell,0,2,0,30.5
rubbish clearance looe,0,2,0,31
rubbish clearance south brent,0,2,0,20.5
rubbish clearance st germans,0,2,0,6
rubbish removal camborne,0,2,0,43.5
skip hire bruton,0,2,0,72.5
soil waste removal clevedon,0,2,0,75
soil waste removal midsomer norton,0,2,0,61
st blazey removals,0,2,0,46.5
storage unit clearance in wells,0,2,0,23.5
waste management radstock,0,2,0,61.5
waste removal and clearance launceston,0,2,0,12
waste removal cheddar,0,2,0,55
waste removal keynsham,0,2,0,51.5
westminster house clearance,0,2,0,87
10yd skip hire colyton,0,1,0,91
10yd skip hire salcombe,0,1,0,91
12yd skip hire budleigh salterton,0,1,0,74
12yd skip hire cullompton,0,1,0,99
14yd skip hire budleigh salterton,0,1,0,74
4yd skip hire crediton,0,1,0,72
8yd skip hire colyton,0,1,0,97
appliance removal gunnislake,0,1,0,67
attic clearance london,0,1,0,100
attic clearance st albans,0,1,0,62
attic clearance west london,0,1,0,77
basement & cellar clearance,0,1,0,29
beareavement clearances st albans,0,1,0,38
bereavement clearance in wells,0,1,0,22
bereavement clearance newcastle-u-lyme,0,1,0,41
bereavement clearance urmston,0,1,0,72
budock water storage,0,1,0,6
dalston office clearance,0,1,0,74
deceased estate clearance in trowbridge,0,1,0,68
domestic skip hire shepton mallet,0,1,0,85
farleigh garden clearance specialists,0,1,0,85
fratton house clearance,0,1,0,85
garage clearance christchurch,0,1,0,76
garage clearance witney,0,1,0,62
garage clearances dundee,0,1,0,61
garden clearance datchet,0,1,0,64
garden clearance newton abbot,0,1,0,18
garden clearance services farleigh,0,1,0,80
ground clearance penzance,0,1,0,30
hoarder clearance hexton,0,1,0,71
hoarder clearance ickleford,0,1,0,31
hoarder clearance pirton,0,1,0,73
hoarding clean up in wells,0,1,0,66
home clear-outs in glastonbury,0,1,0,19
home removals heathfield,0,1,0,74
house clearance addiscombe,0,1,0,58
house clearance alton,0,1,0,59
house clearance banbury,0,1,0,58
house clearance blackburn,0,1,0,75
house clearance camborne,0,1,0,49
house clearance company exeter,0,1,0,50
house clearance crayford,0,1,0,60
house clearance datchet,0,1,0,99
house clearance denton,0,1,0,74
house clearance devon,0,1,0,62
house clearance dunbar,0,1,0,46
house clearance exeter,0,1,0,85
house clearance exeter devon,0,1,0,71
house clearance gourock,0,1,0,45
house clearance in london bridge,0,1,0,61
house clearance in newport,0,1,0,60
house clearance in wallington,0,1,0,61
house clearance in warminster,0,1,0,43
house clearance in west brompton,0,1,0,66
house clearance loughborough,0,1,0,92
house clearance malvern,0,1,0,56
house clearance new cross,0,1,0,60
house clearance newlands,0,1,0,41
house clearance newport,0,1,0,62
house clearance normanton,0,1,0,86
house clearance ponteland,0,1,0,49
house clearance troon,0,1,0,19
house clearances blackburn,0,1,0,71
house clearances plymouth,0,1,0,77
house clearances roger ground,0,1,0,53
house removals stoke fleming,0,1,0,14
junk removal in radstock,0,1,0,63
loft clearance devon,0,1,0,50
loft clearance in weston-super-mare,0,1,0,71
lympstone shredding,0,1,0,55
mike clearance,0,1,0,3
mikes hauling,0,1,0,35
"movers - broad,removals - broad,removals near me,broad",0,1,0,1
office clearance ashton under lyne,0,1,0,32
office clearance peterhead,0,1,0,42
penzance house clearances,0,1,0,16
plymouth house clearances,0,1,0,75
plymouth house clearances companies uk,0,1,0,43
probate clearance edinburgh,0,1,0,86
probate clearance hedge end,0,1,0,20
probate clearance horsham,0,1,0,35
probate clearance maidenhead,0,1,0,88
probate clearance tarring,0,1,0,42
probate clearance trowbridge,0,1,0,76
probate clearances harrow,0,1,0,85
probate house clearance hendon,0,1,0,50
removal company midsomer norton,0,1,0,32
rubbish clearance buckland monachorum,0,1,0,85
rubbish clearance horrabridge,0,1,0,5
rubbish clearance westminster,0,1,0,95
rubbish clearance yelverton,0,1,0,19
rubbish removal blackwater,0,1,0,88
rubbish removal lowick,0,1,0,83
rubbish removal mytchett,0,1,0,78
rubbish removal weston super mare,0,1,0,75
site clearance in warminster,0,1,0,51
skip hire radstock,0,1,0,90
skip hire st ives,0,1,0,81
skip hire wincanton,0,1,0,84
soil waste removal portishead,0,1,0,85
southsea probate clearance,0,1,0,39
storage unit clear out in wells,0,1,0,73
tip runs buckland monachorum,0,1,0,7
tip runs downderry,0,1,0,7
warsash probate clearance,0,1,0,47
waste clearance near me,0,1,0,12
waste management bruton,0,1,0,55
waste management midsomer norton,0,1,0,64
waste removal and clearance bude,0,1,0,23
waste removal and clearance callington,0,1,0,14
waste removal glastonbury,0,1,0,90
waste removal radstock,0,1,0,50
waste removal services bude,0,1,0,29
waste removal wells,0,1,0,69
waste removal yeovil,0,1,0,61
weybridge house clearance,0,1,0,78
