page,query,clicks,impressions,ctr,position
https://mikes-house-clearance.co.uk/,bereavement clearance in radstock,0,2,0,48
https://mikes-house-clearance.co.uk/,house clearance,0,12,0,52.1
https://mikes-house-clearance.co.uk/,house clearance alton,0,1,0,59
https://mikes-house-clearance.co.uk/,house clearance devon,0,1,0,62
https://mikes-house-clearance.co.uk/,house clearance expert doncaster,0,7,0,83.9
https://mikes-house-clearance.co.uk/,house clearance gainsborough,0,3,0,78.7
https://mikes-house-clearance.co.uk/,house clearance in gainsborough,0,11,0,77.5
https://mikes-house-clearance.co.uk/,house clearance in lambeth,0,3,0,86.7
https://mikes-house-clearance.co.uk/,house clearance in somerset,0,3,0,53.7
https://mikes-house-clearance.co.uk/,house clearance loughborough,0,1,0,92
https://mikes-house-clearance.co.uk/,house clearance mytchett,0,10,0,51.6
https://mikes-house-clearance.co.uk/,house clearance uk,0,11,0,80
https://mikes-house-clearance.co.uk/,house clearance wichelstowe,0,8,0,91.9
https://mikes-house-clearance.co.uk/,mike clearance,0,1,0,3
https://mikes-house-clearance.co.uk/,mike's clearance,0,3,0,3.7
https://mikes-house-clearance.co.uk/,mike's house,0,3,0,5
https://mikes-house-clearance.co.uk/,mike's removal,0,1,0,10
https://mikes-house-clearance.co.uk/,mike's waste disposal,0,1,0,3
https://mikes-house-clearance.co.uk/,mikes clearance,0,2,0,2
https://mikes-house-clearance.co.uk/,my house clearance company windsor,0,13,0,61.5
https://mikes-house-clearance.co.uk/about-us,mike's clearance,0,1,0,1
https://mikes-house-clearance.co.uk/about-us,mike's removal,0,1,0,1
https://mikes-house-clearance.co.uk/contact,house clearance worcester,0,2,0,72
https://mikes-house-clearance.co.uk/contact,mike's clearance,0,1,0,1
https://mikes-house-clearance.co.uk/cookie-policy,mike's clearance,0,1,0,17
https://mikes-house-clearance.co.uk/cookie-policy,mike's house,0,1,0,19
https://mikes-house-clearance.co.uk/house-clearance/appledore-ex39/,appledore skips,0,2,0,88
https://mikes-house-clearance.co.uk/house-clearance/axminster-ex13/,house clearance in westminster,0,1,0,94
https://mikes-house-clearance.co.uk/house-clearance/axminster-ex13/,house clearance westminster,0,2,0,88.5
https://mikes-house-clearance.co.uk/house-clearance/axminster-ex13/,westminster house clearance,0,1,0,93
https://mikes-house-clearance.co.uk/house-clearance/blackwater-tr4/,house clearance blackwater,0,1,0,7
https://mikes-house-clearance.co.uk/house-clearance/bridgwater-ta6/,house clearance blackwater,0,1,0,45
https://mikes-house-clearance.co.uk/house-clearance/brixton-pl8/,house clearance in brixton,0,3,0,38.3
https://mikes-house-clearance.co.uk/house-clearance/callington-pl17/,house clearance wallington,0,2,0,59.5
https://mikes-house-clearance.co.uk/house-clearance/chacewater-tr4/,house clearance blackwater,0,5,0,62.2
https://mikes-house-clearance.co.uk/house-clearance/clevedon-bs21/,soil waste removal clevedon,0,1,0,81
https://mikes-house-clearance.co.uk/house-clearance/colyford-ex24/,house clearance crayford,0,1,0,60
https://mikes-house-clearance.co.uk/house-clearance/cullompton-ex15/,house clearance in west brompton,0,1,0,81
https://mikes-house-clearance.co.uk/house-clearance/downderry-pl11/,rubbish clearance downderry,0,1,0,5
https://mikes-house-clearance.co.uk/house-clearance/downderry-pl11/,tip runs downderry,0,1,0,7
https://mikes-house-clearance.co.uk/house-clearance/frome-ba11/,waste removal frome,0,1,0,63
https://mikes-house-clearance.co.uk/house-clearance/goonhavern-tr4/,house clearance malvern,0,1,0,56
https://mikes-house-clearance.co.uk/house-clearance/hartland-ex39/,house clearance ponteland,0,1,0,49
https://mikes-house-clearance.co.uk/house-clearance/ilminster-ta19/,clearance service in warminster,0,2,0,57.5
https://mikes-house-clearance.co.uk/house-clearance/ilminster-ta19/,house clearance in warminster,0,1,0,43
https://mikes-house-clearance.co.uk/house-clearance/ilminster-ta19/,house clearance in westminster,0,1,0,100
https://mikes-house-clearance.co.uk/house-clearance/ilminster-ta19/,house clearance westminster,0,1,0,91
https://mikes-house-clearance.co.uk/house-clearance/ilminster-ta19/,site clearance in warminster,0,1,0,51
https://mikes-house-clearance.co.uk/house-clearance/ilminster-ta19/,westminster house clearance,0,1,0,81
https://mikes-house-clearance.co.uk/house-clearance/kenton-ex6/,house clearance denton,0,1,0,74
https://mikes-house-clearance.co.uk/house-clearance/keynsham-bs31/,waste removal keynsham,0,1,0,89
https://mikes-house-clearance.co.uk/house-clearance/langport-ta10/,house clearance in newport,0,1,0,60
https://mikes-house-clearance.co.uk/house-clearance/langport-ta10/,house clearance newport,0,1,0,62
https://mikes-house-clearance.co.uk/house-clearance/lympstone-ex8/,house clearance bishopton,0,1,0,90
https://mikes-house-clearance.co.uk/house-clearance/malborough-tq7/,house clearance in marlborough,0,1,0,52
https://mikes-house-clearance.co.uk/house-clearance/marhamchurch-ex23/,house clearance hornchurch,0,3,0,85
https://mikes-house-clearance.co.uk/house-clearance/marhamchurch-ex23/,house clearance tatsfield,0,2,0,80.5
https://mikes-house-clearance.co.uk/house-clearance/midsomer-norton-ba3/,removals midsomer norton,0,1,0,38
https://mikes-house-clearance.co.uk/house-clearance/newton-abbot-tq12/,house clearance newton abbot,0,3,0,34.7
https://mikes-house-clearance.co.uk/house-clearance/plymouth-pl1/,house clearance plymouth,0,1,0,79
https://mikes-house-clearance.co.uk/house-clearance/plymouth-pl1/,house clearances plymouth,0,1,0,77
https://mikes-house-clearance.co.uk/house-clearance/radstock-ba3/,home contents removal in radstock,0,1,0,63
https://mikes-house-clearance.co.uk/house-clearance/radstock-ba3/,probate clearance in radstock,0,2,0,16.5
https://mikes-house-clearance.co.uk/house-clearance/radstock-ba3/,storage unit clearance in radstock,0,3,0,41
https://mikes-house-clearance.co.uk/house-clearance/shepton-mallet-ba4/,domestic skip hire shepton mallet,0,1,0,85
https://mikes-house-clearance.co.uk/house-clearance/south-brent-tq10/,rubbish clearance south brent,0,1,0,75
https://mikes-house-clearance.co.uk/house-clearance/st-ives-tr26/,skip hire st ives,0,1,0,81
https://mikes-house-clearance.co.uk/house-clearance/starcross-ex6/,house clearance new cross,0,1,0,60
https://mikes-house-clearance.co.uk/house-clearance/swimbridge-ex32/,house clearance in london bridge,0,1,0,61
https://mikes-house-clearance.co.uk/house-clearance/swimbridge-ex32/,weybridge house clearance,0,1,0,78
https://mikes-house-clearance.co.uk/house-clearance/tedburn-st-mary-ex6/,house clearance broxburn,0,1,0,74
https://mikes-house-clearance.co.uk/house-clearance/teignmouth-tq14/,house clearance teignmouth,0,2,0,17
https://mikes-house-clearance.co.uk/house-clearance/thorverton-ex5/,thorverton shredding,0,4,0,51.5
https://mikes-house-clearance.co.uk/house-clearance/thurlestone-tq7/,house clearance folkestone,0,3,0,73.7
https://mikes-house-clearance.co.uk/house-clearance/torpoint-pl11/,appliance removal torpoint,0,2,0,41
https://mikes-house-clearance.co.uk/house-clearance/torpoint-pl11/,rubbish clearance torpoint,0,2,0,40.5
https://mikes-house-clearance.co.uk/house-clearance/watchet-ta23/,rubbish clearance datchet,0,1,0,93
https://mikes-house-clearance.co.uk/house-clearance/wellington-ta21/,house clearance in wallington,0,1,0,61
https://mikes-house-clearance.co.uk/house-clearance/wells-ba5/,house clearance company in wells,0,4,0,20.2
https://mikes-house-clearance.co.uk/house-clearance/weston-super-mare-bs22/,house clearance weston super mare,0,1,0,55
https://mikes-house-clearance.co.uk/house-clearance/wincanton-ba9/,house clearance normanton,0,1,0,86
https://mikes-house-clearance.co.uk/house-clearance/woodbury-ex5/,house clearance banbury,0,1,0,58
https://mikes-house-clearance.co.uk/house-clearance/yelverton-pl20/,rubbish clearance yelverton,0,1,0,19
https://mikes-house-clearance.co.uk/services,mike's clearance,0,1,0,1
https://mikes-house-clearance.co.uk/services,mike's house,0,1,0,11
https://mikes-house-clearance.co.uk/services,mikes clearance,0,2,0,5.5
https://mikes-house-clearance.co.uk/services,my house clearance company windsor,0,1,0,53
https://mikes-house-clearance.co.uk/services/,mikes hauling,0,1,0,35
https://mikes-house-clearance.co.uk/services/attic-clearance/,attic clearance in bristol,0,5,0,78.8
https://mikes-house-clearance.co.uk/services/attic-clearance/abbotskerswell-tq12/,attic or basement and cellar clearances,0,3,0,93
https://mikes-house-clearance.co.uk/services/attic-clearance/beer-ex12/,attic clearance in bristol,0,1,0,66
https://mikes-house-clearance.co.uk/services/attic-clearance/bodmin-pl31/,attic or basement and cellar clearances,0,1,0,94
https://mikes-house-clearance.co.uk/services/attic-clearance/chagford-tq13/,attic clearance in bristol,0,1,0,85
https://mikes-house-clearance.co.uk/services/attic-clearance/chagford-tq13/,loft clearance devon,0,1,0,50
https://mikes-house-clearance.co.uk/services/attic-clearance/exmouth-ex8/,attic or basement and cellar clearances,0,2,0,97
https://mikes-house-clearance.co.uk/services/attic-clearance/keynsham-bs31/,waste removal keynsham,0,2,0,51.5
https://mikes-house-clearance.co.uk/services/attic-clearance/malborough-tq7/,house clearance in marlborough,0,1,0,49
https://mikes-house-clearance.co.uk/services/attic-clearance/nailsea-bs48/,skip hire nailsea,0,2,0,85.5
https://mikes-house-clearance.co.uk/services/attic-clearance/plymouth-pl1/,house clearance plymouth,0,3,0,70.7
https://mikes-house-clearance.co.uk/services/attic-clearance/plymouth-pl1/,plymouth house clearance,0,1,0,75
https://mikes-house-clearance.co.uk/services/attic-clearance/st-buryan-tr19/,attic clearance st albans,0,1,0,62
https://mikes-house-clearance.co.uk/services/attic-clearance/stoke-fleming-tq6/,house removals stoke fleming,0,1,0,14
https://mikes-house-clearance.co.uk/services/attic-clearance/stoke-fleming-tq6/,removal company stoke fleming,0,1,0,17
https://mikes-house-clearance.co.uk/services/attic-clearance/street-ba16/,attic clearance london,0,1,0,100
https://mikes-house-clearance.co.uk/services/attic-clearance/street-ba16/,attic clearance west london,0,1,0,77
https://mikes-house-clearance.co.uk/services/attic-clearance/tavistock-pl19/,ground clearance in tavistock,0,1,0,72
https://mikes-house-clearance.co.uk/services/attic-clearance/wells-ba5/,house clearance company in wells,0,1,0,13
https://mikes-house-clearance.co.uk/services/attic-clearance/yeovil-ba20/,house clearance yeovil,0,2,0,23.5
https://mikes-house-clearance.co.uk/services/bereavement-probate-clearance/appledore-ex39/,probate and bereavement clearances windsor,0,1,0,47
https://mikes-house-clearance.co.uk/services/bereavement-probate-clearance/bodmin-pl31/,bereavement clearance urmston,0,1,0,80
https://mikes-house-clearance.co.uk/services/bereavement-probate-clearance/boscastle-pl35/,bereavement clearance newcastle,0,4,0,45.5
https://mikes-house-clearance.co.uk/services/bereavement-probate-clearance/boscastle-pl35/,bereavement clearance newcastle-u-lyme,0,1,0,41
https://mikes-house-clearance.co.uk/services/bereavement-probate-clearance/bow-ex17/,probate and bereavement clearances windsor,0,1,0,46
https://mikes-house-clearance.co.uk/services/bereavement-probate-clearance/bow-ex17/,probate clearances harrow,0,1,0,85
https://mikes-house-clearance.co.uk/services/bereavement-probate-clearance/bow-ex17/,probate clearances wembley,0,2,0,81.5
https://mikes-house-clearance.co.uk/services/bereavement-probate-clearance/breage-tr13/,probate clearance stevenage,0,2,0,70.5
https://mikes-house-clearance.co.uk/services/bereavement-probate-clearance/breage-tr13/,probate clearances stevenage,0,2,0,75
https://mikes-house-clearance.co.uk/services/bereavement-probate-clearance/budock-water-tr11/,probate clearances gerrards cross,0,1,0,69
https://mikes-house-clearance.co.uk/services/bereavement-probate-clearance/camelford-pl32/,probate and bereavement clearances windsor,0,1,0,63
https://mikes-house-clearance.co.uk/services/bereavement-probate-clearance/chagford-tq13/,probate and bereavement clearances windsor,0,2,0,94
https://mikes-house-clearance.co.uk/services/bereavement-probate-clearance/colyton-ex24/,bereavement clearance urmston,0,1,0,72
https://mikes-house-clearance.co.uk/services/bereavement-probate-clearance/delabole-pl33/,probate clearances wembley,0,1,0,56
https://mikes-house-clearance.co.uk/services/bereavement-probate-clearance/east-budleigh-ex9/,probate clearances wembley,0,2,0,54
https://mikes-house-clearance.co.uk/services/bereavement-probate-clearance/ermington-pl21/,probate clearance bracknell,0,1,0,78
https://mikes-house-clearance.co.uk/services/bereavement-probate-clearance/fremington-ex31/,bereavement property clearance barnsley,0,3,0,53
https://mikes-house-clearance.co.uk/services/bereavement-probate-clearance/frome-ba11/,probate clearance horsham,0,1,0,35
https://mikes-house-clearance.co.uk/services/bereavement-probate-clearance/ivybridge-pl21/,probate clearances uxbridge,0,2,0,91
https://mikes-house-clearance.co.uk/services/bereavement-probate-clearance/keynsham-bs31/,bereavement clearance in radstock,0,1,0,44
https://mikes-house-clearance.co.uk/services/bereavement-probate-clearance/keynsham-bs31/,deceased estate clearance in radstock,0,1,0,55
https://mikes-house-clearance.co.uk/services/bereavement-probate-clearance/kilmington-ex13/,bereavement property clearance barnsley,0,1,0,79
https://mikes-house-clearance.co.uk/services/bereavement-probate-clearance/kingsbridge-tq7/,deceased estate clearance in trowbridge,0,1,0,68
https://mikes-house-clearance.co.uk/services/bereavement-probate-clearance/kingsbridge-tq7/,probate clearance trowbridge,0,1,0,76
https://mikes-house-clearance.co.uk/services/bereavement-probate-clearance/kingsbridge-tq7/,probate clearances uxbridge,0,7,0,72.1
https://mikes-house-clearance.co.uk/services/bereavement-probate-clearance/loddiswell-tq7/,bereavement clearance in wells,0,1,0,67
https://mikes-house-clearance.co.uk/services/bereavement-probate-clearance/malborough-tq7/,probate clearance slough,0,1,0,86
https://mikes-house-clearance.co.uk/services/bereavement-probate-clearance/marhamchurch-ex23/,probate clearance surrey,0,1,0,79
https://mikes-house-clearance.co.uk/services/bereavement-probate-clearance/marhamchurch-ex23/,probate clearances wembley,0,3,0,72.3
https://mikes-house-clearance.co.uk/services/bereavement-probate-clearance/martock-ta12/,bereavement clearance in radstock,0,1,0,52
https://mikes-house-clearance.co.uk/services/bereavement-probate-clearance/martock-ta12/,deceased estate clearance in radstock,0,1,0,46
https://mikes-house-clearance.co.uk/services/bereavement-probate-clearance/midsomer-norton-ba3/,deceased estate clearance in radstock,0,6,0,32.3
https://mikes-house-clearance.co.uk/services/bereavement-probate-clearance/nanpean-pl26/,probate and bereavement clearances windsor,0,1,0,92
https://mikes-house-clearance.co.uk/services/bereavement-probate-clearance/nanpean-pl26/,probate clearance in caerphilly,0,2,0,60.5
https://mikes-house-clearance.co.uk/services/bereavement-probate-clearance/north-molton-ex36/,beareavement clearances st albans,0,1,0,38
https://mikes-house-clearance.co.uk/services/bereavement-probate-clearance/north-molton-ex36/,probate clearance bracknell,0,1,0,86
https://mikes-house-clearance.co.uk/services/bereavement-probate-clearance/north-molton-ex36/,probate house clearance milton keynes,0,2,0,97.5
https://mikes-house-clearance.co.uk/services/bereavement-probate-clearance/pool-tr15/,probate clearance slough,0,1,0,75
https://mikes-house-clearance.co.uk/services/bereavement-probate-clearance/pool-tr15/,probate clearances wembley,0,1,0,93
https://mikes-house-clearance.co.uk/services/bereavement-probate-clearance/sherford-pl9/,probate and bereavement clearances windsor,0,1,0,47
https://mikes-house-clearance.co.uk/services/bereavement-probate-clearance/shortlanesend-tr4/,probate and bereavement clearances windsor,0,1,0,50
https://mikes-house-clearance.co.uk/services/bereavement-probate-clearance/shortlanesend-tr4/,probate clearance bracknell,0,3,0,97.7
https://mikes-house-clearance.co.uk/services/bereavement-probate-clearance/south-brent-tq10/,probate clearances wembley,0,4,0,87
https://mikes-house-clearance.co.uk/services/bereavement-probate-clearance/st-buryan-tr19/,deceased house clearance west lothian,0,2,0,71.5
https://mikes-house-clearance.co.uk/services/bereavement-probate-clearance/street-ba16/,probate clearance bracknell,0,14,0,85.8
https://mikes-house-clearance.co.uk/services/bereavement-probate-clearance/street-ba16/,probate clearance slough,0,17,0,88.4
https://mikes-house-clearance.co.uk/services/bereavement-probate-clearance/street-ba16/,probate clearances wembley,0,2,0,63.5
https://mikes-house-clearance.co.uk/services/bereavement-probate-clearance/street-ba16/,probate house clearance hendon,0,1,0,50
https://mikes-house-clearance.co.uk/services/bereavement-probate-clearance/tavistock-pl19/,probate clearances gerrards cross,0,2,0,74.5
https://mikes-house-clearance.co.uk/services/bereavement-probate-clearance/tiverton-ex16/,probate clearance bracknell,0,1,0,88
https://mikes-house-clearance.co.uk/services/bereavement-probate-clearance/wadebridge-pl27/,probate clearance edinburgh,0,1,0,86
https://mikes-house-clearance.co.uk/services/bereavement-probate-clearance/wadebridge-pl27/,probate clearances uxbridge,0,2,0,90.5
https://mikes-house-clearance.co.uk/services/bereavement-probate-clearance/watchet-ta23/,bereavement clearance in radstock,0,1,0,73
https://mikes-house-clearance.co.uk/services/bereavement-probate-clearance/watchet-ta23/,probate clearance berkshire,0,5,0,80
https://mikes-house-clearance.co.uk/services/bereavement-probate-clearance/watchet-ta23/,probate clearance bracknell,0,2,0,85.5
https://mikes-house-clearance.co.uk/services/bereavement-probate-clearance/watchet-ta23/,probate clearance maidenhead,0,1,0,88
https://mikes-house-clearance.co.uk/services/bereavement-probate-clearance/watchet-ta23/,probate house clearance milton keynes,0,1,0,82
https://mikes-house-clearance.co.uk/services/bereavement-probate-clearance/willand-ex15/,probate and bereavement clearances windsor,0,1,0,98
https://mikes-house-clearance.co.uk/services/bereavement-probate-clearance/withnoe-pl11/,probate house clearance milton keynes,0,1,0,80
https://mikes-house-clearance.co.uk/services/bereavement-probate-clearance/wiveliscombe-ta4/,bereavement clearance in radstock,0,1,0,31
https://mikes-house-clearance.co.uk/services/end-of-tenancy-clearance/landrake-pl12,rubbish clearance landrake,0,7,0,26.9
https://mikes-house-clearance.co.uk/services/end-of-tenancy-clearance/launceston-pl15,clearance services launceston,0,2,0,13.5
https://mikes-house-clearance.co.uk/services/end-of-tenancy-clearance/newquay-tr7,house clearance newquay,0,2,0,17
https://mikes-house-clearance.co.uk/services/garage-loft-basement-clearance/budock-water-tr11,budock water storage,0,1,0,6
https://mikes-house-clearance.co.uk/services/garage-loft-basement-clearance/crowlas-tr20,crowlas storage,0,31,0,14.5
https://mikes-house-clearance.co.uk/services/garage-loft-basement-clearance/gunnislake-pl18,basement clearance,0,3,0,39
https://mikes-house-clearance.co.uk/services/garage-loft-basement-clearance/gunnislake-pl18,rubbish clearance gunnislake,0,3,0,21
https://mikes-house-clearance.co.uk/services/garage-loft-basement-clearance/landrake-pl12,rubbish clearance landrake,0,2,0,15.5
https://mikes-house-clearance.co.uk/services/garage-loft-basement-clearance/perranarworthal-tr3,perranarworthal storage,0,29,0,16.7
https://mikes-house-clearance.co.uk/services/garage-loft-basement-clearance/perranporth-tr6,basement & cellar clearance,0,1,0,29
https://mikes-house-clearance.co.uk/services/garage-loft-basement-clearance/playing-place-tr3,playing place storage,0,7,0,43.7
https://mikes-house-clearance.co.uk/services/garage-loft-basement-clearance/polruan-pl23,basement clearance,0,1,0,38
https://mikes-house-clearance.co.uk/services/garage-loft-basement-clearance/polruan-pl23,garage clearances dundee,0,1,0,61
https://mikes-house-clearance.co.uk/services/garage-loft-basement-clearance/porthtowan-tr4,porthtowan storage,0,5,0,19.8
https://mikes-house-clearance.co.uk/services/garage-loft-basement-clearance/praze-an-beeble-tr14,praze-an-beeble storage,0,31,0,10.6
https://mikes-house-clearance.co.uk/services/garage-loft-basement-clearance/stithians-tr3,stithians storage,0,4,0,35.5
https://mikes-house-clearance.co.uk/services/garage-loft-basement-clearance/threemilestone-tr3,threemilestone storage,0,6,0,35.7
https://mikes-house-clearance.co.uk/services/garage-shed-clearance/blackwater-tr4/,house clearance blackwater,0,1,0,1
https://mikes-house-clearance.co.uk/services/garage-shed-clearance/blackwater-tr4/,rubbish removal blackwater,0,1,0,88
https://mikes-house-clearance.co.uk/services/garage-shed-clearance/bruton-ba10/,shed clearance & removal pirton,0,1,0,44
https://mikes-house-clearance.co.uk/services/garage-shed-clearance/bruton-ba10/,waste removal bruton,0,3,0,82
https://mikes-house-clearance.co.uk/services/garage-shed-clearance/cheddar-bs27/,waste removal cheddar,0,2,0,55
https://mikes-house-clearance.co.uk/services/garage-shed-clearance/downderry-pl11/,rubbish clearance downderry,0,1,0,10
https://mikes-house-clearance.co.uk/services/garage-shed-clearance/frome-ba11/,waste removal frome,0,1,0,67
https://mikes-house-clearance.co.uk/services/garage-shed-clearance/gunnislake-pl18/,rubbish clearance gunnislake,0,1,0,70
https://mikes-house-clearance.co.uk/services/garage-shed-clearance/marhamchurch-ex23/,garage clearance christchurch,0,1,0,76
https://mikes-house-clearance.co.uk/services/garage-shed-clearance/mawgan-tr12/,garage clearance st albans,0,1,0,86
https://mikes-house-clearance.co.uk/services/garage-shed-clearance/minehead-ta24/,shed clearance maidenhead,0,4,0,75
https://mikes-house-clearance.co.uk/services/garage-shed-clearance/nailsea-bs48/,skip hire nailsea,0,4,0,84.2
https://mikes-house-clearance.co.uk/services/garage-shed-clearance/porthtowan-tr4/,garage clearance st albans,0,2,0,94.5
https://mikes-house-clearance.co.uk/services/garage-shed-clearance/salcombe-tq8/,10yd skip hire salcombe,0,1,0,91
https://mikes-house-clearance.co.uk/services/garage-shed-clearance/stoke-fleming-tq6/,removal company stoke fleming,0,1,0,19
https://mikes-house-clearance.co.uk/services/garage-shed-clearance/tavistock-pl19/,ground clearance in tavistock,0,1,0,29
https://mikes-house-clearance.co.uk/services/garage-shed-clearance/tiverton-ex16/,shed clearance & removal pirton,0,2,0,85.5
https://mikes-house-clearance.co.uk/services/garage-shed-clearance/wells-ba5/,garage clearance in wells,0,1,0,19
https://mikes-house-clearance.co.uk/services/garage-shed-clearance/wells-ba5/,junk removal in wells,0,2,0,26.5
https://mikes-house-clearance.co.uk/services/garage-shed-clearance/wells-ba5/,office clearance in wells,0,1,0,38
https://mikes-house-clearance.co.uk/services/garage-shed-clearance/wells-ba5/,storage unit clear out in wells,0,1,0,73
https://mikes-house-clearance.co.uk/services/garage-shed-clearance/weston-super-mare-bs22/,garage clearance in weston-super-mare,0,1,0,35
https://mikes-house-clearance.co.uk/services/garage-shed-clearance/weston-super-mare-bs22/,house clearance in weston-super-mare,0,2,0,37.5
https://mikes-house-clearance.co.uk/services/garage-shed-clearance/weston-super-mare-bs22/,house clearance weston super mare,0,1,0,51
https://mikes-house-clearance.co.uk/services/garage-shed-clearance/weston-super-mare-bs22/,loft clearance in weston-super-mare,0,1,0,71
https://mikes-house-clearance.co.uk/services/garage-shed-clearance/weston-super-mare-bs22/,waste clearance in weston-super-mare,0,1,0,65
https://mikes-house-clearance.co.uk/services/garage-shed-clearance/wincanton-ba9/,skip hire wincanton,0,1,0,84
https://mikes-house-clearance.co.uk/services/garage-shed-clearance/wincanton-ba9/,waste removal wincanton,0,2,0,58
https://mikes-house-clearance.co.uk/services/garage-shed-clearance/yeovil-ba20/,house clearance yeovil,0,1,0,27
https://mikes-house-clearance.co.uk/services/garden-clearance/bruton-ba10/,waste removal bruton,0,2,0,51
https://mikes-house-clearance.co.uk/services/garden-clearance/buckland-monachorum-pl20/,tip runs buckland monachorum,0,1,0,7
https://mikes-house-clearance.co.uk/services/garden-clearance/budleigh-salterton-ex9/,12yd skip hire budleigh salterton,0,1,0,74
https://mikes-house-clearance.co.uk/services/garden-clearance/budleigh-salterton-ex9/,14yd skip hire budleigh salterton,0,1,0,74
https://mikes-house-clearance.co.uk/services/garden-clearance/budleigh-salterton-ex9/,farleigh garden clearance specialists,0,1,0,85
https://mikes-house-clearance.co.uk/services/garden-clearance/budleigh-salterton-ex9/,garden clearance services farleigh,0,1,0,80
https://mikes-house-clearance.co.uk/services/garden-clearance/downderry-pl11/,rubbish clearance downderry,0,2,0,7
https://mikes-house-clearance.co.uk/services/garden-clearance/exminster-ex6/,site clearance in warminster,0,1,0,74
https://mikes-house-clearance.co.uk/services/garden-clearance/glastonbury-ba6/,soil waste removal glastonbury,0,2,0,82
https://mikes-house-clearance.co.uk/services/garden-clearance/glastonbury-ba6/,waste removal glastonbury,0,1,0,90
https://mikes-house-clearance.co.uk/services/garden-clearance/gunnislake-pl18/,rubbish clearance gunnislake,0,1,0,45
https://mikes-house-clearance.co.uk/services/garden-clearance/hartland-ex39/,house clearance newlands,0,1,0,41
https://mikes-house-clearance.co.uk/services/garden-clearance/hartland-ex39/,rubbish removal brookland,0,1,0,80
https://mikes-house-clearance.co.uk/services/garden-clearance/landrake-pl12/,rubbish clearance landrake,0,2,0,13.5
https://mikes-house-clearance.co.uk/services/garden-clearance/marhamchurch-ex23/,house clearance hornchurch,0,2,0,98
https://mikes-house-clearance.co.uk/services/garden-clearance/midsomer-norton-ba3/,soil waste removal midsomer norton,0,2,0,61
https://mikes-house-clearance.co.uk/services/garden-clearance/midsomer-norton-ba3/,waste removal midsomer norton,0,2,0,46
https://mikes-house-clearance.co.uk/services/garden-clearance/musbury-ex13/,rubbish clearance modbury,0,1,0,93
https://mikes-house-clearance.co.uk/services/garden-clearance/newton-abbot-tq12/,garden clearance newton abbot,0,1,0,18
https://mikes-house-clearance.co.uk/services/garden-clearance/newton-abbot-tq12/,house clearance newton abbot,0,2,0,24.5
https://mikes-house-clearance.co.uk/services/garden-clearance/plymouth-pl1/,house clearance plymouth,0,1,0,75
https://mikes-house-clearance.co.uk/services/garden-clearance/plymouth-pl1/,plymouth house clearance,0,1,0,74
https://mikes-house-clearance.co.uk/services/garden-clearance/plymouth-pl1/,plymouth house clearances,0,1,0,75
https://mikes-house-clearance.co.uk/services/garden-clearance/tavistock-pl19/,garden clearance in tavistock,0,7,0,33.1
https://mikes-house-clearance.co.uk/services/garden-clearance/troon-tr14/,house clearance troon,0,1,0,19
https://mikes-house-clearance.co.uk/services/garden-clearance/watchet-ta23/,garden clearance datchet,0,1,0,64
https://mikes-house-clearance.co.uk/services/garden-clearance/watchet-ta23/,rubbish clearance datchet,0,1,0,82
https://mikes-house-clearance.co.uk/services/garden-clearance/watchet-ta23/,waste clearance companies datchet,0,2,0,87
https://mikes-house-clearance.co.uk/services/garden-clearance/wincanton-ba9/,waste removal wincanton,0,1,0,84
https://mikes-house-clearance.co.uk/services/garden-outbuilding/landrake-pl12,rubbish clearance landrake,0,8,0,12.8
https://mikes-house-clearance.co.uk/services/garden-outbuilding/menheniot-pl14,rubbish clearance menheniot,0,13,0,19.5
https://mikes-house-clearance.co.uk/services/hoarder-clearance/appledore-ex39/,appledore skips,0,2,0,69.5
https://mikes-house-clearance.co.uk/services/hoarder-clearance/ashburton-tq13/,house clearance burton on trent,0,2,0,63
https://mikes-house-clearance.co.uk/services/hoarder-clearance/chagford-tq13/,hoarder clearance ickleford,0,1,0,31
https://mikes-house-clearance.co.uk/services/hoarder-clearance/colyford-ex24/,house clearance crayford,0,1,0,86
https://mikes-house-clearance.co.uk/services/hoarder-clearance/glastonbury-ba6/,home clear-outs in glastonbury,0,1,0,19
https://mikes-house-clearance.co.uk/services/hoarder-clearance/glastonbury-ba6/,soil waste removal glastonbury,0,1,0,74
https://mikes-house-clearance.co.uk/services/hoarder-clearance/lifton-pl16/,loft clearance devon,0,1,0,80
https://mikes-house-clearance.co.uk/services/hoarder-clearance/lympstone-ex8/,hoarder clearance hexton,0,1,0,71
https://mikes-house-clearance.co.uk/services/hoarder-clearance/newton-poppleford-ex10/,garage clearance ickleford,0,2,0,85
https://mikes-house-clearance.co.uk/services/hoarder-clearance/tiverton-ex16/,hoarder clearance pirton,0,1,0,73
https://mikes-house-clearance.co.uk/services/hoarder-clearance/tresillian-tr2/,hoarder clearance willian,0,2,0,61.5
https://mikes-house-clearance.co.uk/services/hoarder-clearance/wells-ba5/,hoarding clean up in wells,0,1,0,66
https://mikes-house-clearance.co.uk/services/hoarder-clearance/wells-ba5/,junk removal in wells,0,1,0,35
https://mikes-house-clearance.co.uk/services/hoarder-clearance/wells-ba5/,office clearance in wells,0,1,0,35
https://mikes-house-clearance.co.uk/services/hoarder-clearance/wells-ba5/,storage unit clearance in wells,0,2,0,23.5
https://mikes-house-clearance.co.uk/services/home-removals/blackwater-tr4/,house clearance blackwater,0,2,0,13
https://mikes-house-clearance.co.uk/services/home-removals/burnham-on-sea-ta8/,"movers - broad,removals - broad,removals near me,broad",0,1,0,1
https://mikes-house-clearance.co.uk/services/home-removals/heathfield-tq12/,home removals heathfield,0,1,0,74
https://mikes-house-clearance.co.uk/services/home-removals/midsomer-norton-ba3/,removal company midsomer norton,0,1,0,32
https://mikes-house-clearance.co.uk/services/home-removals/midsomer-norton-ba3/,removals midsomer norton,0,1,0,17
https://mikes-house-clearance.co.uk/services/home-removals/midsomer-norton-ba3/,waste management midsomer norton,0,1,0,64
https://mikes-house-clearance.co.uk/services/home-removals/midsomer-norton-ba3/,waste removal midsomer norton,0,2,0,29
https://mikes-house-clearance.co.uk/services/home-removals/millbrook-pl10,house removals millbrook,0,2,0,20.5
https://mikes-house-clearance.co.uk/services/home-removals/newquay-tr7,house clearance newquay,0,1,0,37
https://mikes-house-clearance.co.uk/services/home-removals/newquay-tr7,removals newquay,0,15,0,30.5
https://mikes-house-clearance.co.uk/services/home-removals/porthleven-tr13,porthleven removals,0,12,0,12.1
https://mikes-house-clearance.co.uk/services/home-removals/porthleven-tr13,removals and storage in porthleven,0,6,0,26.2
https://mikes-house-clearance.co.uk/services/home-removals/porthleven-tr13,removals in porthleven,0,7,0,11.6
https://mikes-house-clearance.co.uk/services/home-removals/porthleven-tr13/,removals in porthleven,0,1,0,18
https://mikes-house-clearance.co.uk/services/home-removals/radstock-ba3/,bereavement clearance in radstock,0,2,0,19.5
https://mikes-house-clearance.co.uk/services/home-removals/radstock-ba3/,commercial clearance in radstock,0,3,0,23.3
https://mikes-house-clearance.co.uk/services/home-removals/radstock-ba3/,deceased estate clearance in radstock,0,2,0,17
https://mikes-house-clearance.co.uk/services/home-removals/radstock-ba3/,garage clearance in radstock,0,1,0,38
https://mikes-house-clearance.co.uk/services/home-removals/radstock-ba3/,home contents removal in radstock,0,15,0,28.9
https://mikes-house-clearance.co.uk/services/home-removals/radstock-ba3/,house clearance company in radstock,0,2,0,13
https://mikes-house-clearance.co.uk/services/home-removals/radstock-ba3/,junk removal in radstock,0,1,0,63
https://mikes-house-clearance.co.uk/services/home-removals/radstock-ba3/,office clearance in radstock,0,1,0,14
https://mikes-house-clearance.co.uk/services/home-removals/radstock-ba3/,office furniture removal in radstock,0,1,0,72
https://mikes-house-clearance.co.uk/services/home-removals/radstock-ba3/,probate clearance in radstock,0,2,0,11.5
https://mikes-house-clearance.co.uk/services/home-removals/radstock-ba3/,property declutter in radstock,0,1,0,20
https://mikes-house-clearance.co.uk/services/home-removals/radstock-ba3/,waste removal radstock,0,1,0,50
https://mikes-house-clearance.co.uk/services/home-removals/st-austell-pl25,house clearance st austell,0,1,0,20
https://mikes-house-clearance.co.uk/services/home-removals/st-austell-pl25,removals st-austell,0,2,0,30.5
https://mikes-house-clearance.co.uk/services/home-removals/st-austell-pl25,st austell removals,0,10,0,48.6
https://mikes-house-clearance.co.uk/services/home-removals/st-austell-pl25,st blazey removals,0,2,0,46.5
https://mikes-house-clearance.co.uk/services/home-removals/st-ives-tr26,st ives furniture removals,0,5,0,18.6
https://mikes-house-clearance.co.uk/services/home-removals/st-mawes-tr2,removal+firms+st+mawes,0,3,0,8.7
https://mikes-house-clearance.co.uk/services/home-removals/truro-tr1,home removals truro,0,3,0,30.3
https://mikes-house-clearance.co.uk/services/home-removals/weston-super-mare-bs22/,garage clearance in weston-super-mare,0,1,0,46
https://mikes-house-clearance.co.uk/services/home-removals/weston-super-mare-bs22/,house clearance in weston-super-mare,0,3,0,37.3
https://mikes-house-clearance.co.uk/services/home-removals/weston-super-mare-bs22/,house clearance weston super mare,0,2,0,41.5
https://mikes-house-clearance.co.uk/services/home-removals/withnoe-pl11,mike's removal,0,1,0,1
https://mikes-house-clearance.co.uk/services/home-removals/withnoe-pl11,new homes in withnoe,0,5,0,45
https://mikes-house-clearance.co.uk/services/home-removals/woodbury-ex5/,house clearance in westbury,0,1,0,65
https://mikes-house-clearance.co.uk/services/house-clearance/blackwater-tr4,house clearance blackwater,0,6,0,9.5
https://mikes-house-clearance.co.uk/services/house-clearance/bradninch-ex5/,house clearance dunbar,0,1,0,46
https://mikes-house-clearance.co.uk/services/house-clearance/calstock-pl18/,bereavement clearance in radstock,0,1,0,51
https://mikes-house-clearance.co.uk/services/house-clearance/calstock-pl18/,commercial clearance in radstock,0,1,0,45
https://mikes-house-clearance.co.uk/services/house-clearance/calstock-pl18/,garage clearance in radstock,0,1,0,83
https://mikes-house-clearance.co.uk/services/house-clearance/calstock-pl18/,house clearance company in radstock,0,1,0,46
https://mikes-house-clearance.co.uk/services/house-clearance/calstock-pl18/,office clearance in radstock,0,1,0,90
https://mikes-house-clearance.co.uk/services/house-clearance/calstock-pl18/,storage unit clearance in radstock,0,1,0,88
https://mikes-house-clearance.co.uk/services/house-clearance/downderry-pl11,rubbish clearance downderry,0,2,0,8.5
https://mikes-house-clearance.co.uk/services/house-clearance/exeter-ex1/,house clearance company exeter,0,1,0,50
https://mikes-house-clearance.co.uk/services/house-clearance/exeter-ex1/,house clearance exeter,0,1,0,85
https://mikes-house-clearance.co.uk/services/house-clearance/exeter-ex1/,house clearance exeter devon,0,1,0,71
https://mikes-house-clearance.co.uk/services/house-clearance/frome-ba11/,waste removal frome,0,1,0,69
https://mikes-house-clearance.co.uk/services/house-clearance/hartland-ex39/,rubbish removal brookland,0,4,0,78
https://mikes-house-clearance.co.uk/services/house-clearance/landrake-pl12,rubbish clearance landrake,0,9,0,15.6
https://mikes-house-clearance.co.uk/services/house-clearance/longrock-tr20/,house clearance gourock,0,1,0,72
https://mikes-house-clearance.co.uk/services/house-clearance/martock-ta12/,house clearance company in radstock,0,1,0,45
https://mikes-house-clearance.co.uk/services/house-clearance/nailsea-bs48/,skip hire nailsea,0,6,0,69.5
https://mikes-house-clearance.co.uk/services/house-clearance/pendeen-tr19/,house clearance aberdeen,0,2,0,71.5
https://mikes-house-clearance.co.uk/services/house-clearance/penzance-tr18,penzance house clearances,0,1,0,16
https://mikes-house-clearance.co.uk/services/house-clearance/plymouth-pl1/,plymouth house clearances companies uk,0,1,0,43
https://mikes-house-clearance.co.uk/services/house-clearance/salcombe-tq8/,house clearance high wycombe,0,1,0,62
https://mikes-house-clearance.co.uk/services/house-clearance/street-ba16/,house clearance in somerset,0,1,0,59
https://mikes-house-clearance.co.uk/services/house-clearance/tavistock-pl19/,garden clearance in tavistock,0,3,0,54
https://mikes-house-clearance.co.uk/services/house-clearance/tavistock-pl19/,ground clearance in tavistock,0,3,0,53.3
https://mikes-house-clearance.co.uk/services/house-clearance/tedburn-st-mary-ex6/,house clearance blackburn,0,1,0,75
https://mikes-house-clearance.co.uk/services/house-clearance/tedburn-st-mary-ex6/,house clearance broxburn,0,4,0,58.5
https://mikes-house-clearance.co.uk/services/house-clearance/tedburn-st-mary-ex6/,house clearance springburn,0,1,0,73
https://mikes-house-clearance.co.uk/services/house-clearance/tedburn-st-mary-ex6/,house clearances blackburn,0,1,0,71
https://mikes-house-clearance.co.uk/services/house-clearance/tipton-st-john-ex10/,house clearance bishopton,0,1,0,79
https://mikes-house-clearance.co.uk/services/house-clearance/torpoint-pl11,house clearances roger ground,0,1,0,53
https://mikes-house-clearance.co.uk/services/house-clearance/watchet-ta23/,house clearance datchet,0,1,0,99
https://mikes-house-clearance.co.uk/services/house-clearance/watchet-ta23/,rubbish clearance datchet,0,3,0,70
https://mikes-house-clearance.co.uk/services/house-clearance/watchet-ta23/,rubbish removal mytchett,0,1,0,78
https://mikes-house-clearance.co.uk/services/house-clearance/watchet-ta23/,waste clearance companies datchet,0,1,0,84
https://mikes-house-clearance.co.uk/services/house-clearance/wells-ba5/,bereavement clearance in wells,0,1,0,22
https://mikes-house-clearance.co.uk/services/house-clearance/wells-ba5/,commercial clearance in wells,0,2,0,46
https://mikes-house-clearance.co.uk/services/house-clearance/wells-ba5/,garage clearance in wells,0,3,0,51.7
https://mikes-house-clearance.co.uk/services/house-clearance/wells-ba5/,house clearance company in wells,0,5,0,22.8
https://mikes-house-clearance.co.uk/services/house-clearance/weston-super-mare-bs22/,house clearance in weston-super-mare,0,1,0,71
https://mikes-house-clearance.co.uk/services/house-clearance/weston-super-mare-bs22/,house clearance weston super mare,0,1,0,25
https://mikes-house-clearance.co.uk/services/house-clearance/weston-super-mare-bs22/,waste clearance in weston-super-mare,0,1,0,73
https://mikes-house-clearance.co.uk/services/house-clearance/woodbury-ex5/,house clearance in westbury,0,1,0,89
https://mikes-house-clearance.co.uk/services/house-clearance/yeovil-ba20/,house clearance yeovil,0,2,0,31
https://mikes-house-clearance.co.uk/services/house-clearance/yeovil-ba20/,waste removal yeovil,0,1,0,61
https://mikes-house-clearance.co.uk/services/office-clearances/ashton-pl17,office clearance ashton under lyne,0,1,0,32
https://mikes-house-clearance.co.uk/services/office-clearances/blackwater-tr4,house clearance blackwater,0,1,0,13
https://mikes-house-clearance.co.uk/services/office-clearances/calstock-pl18,office clearance in radstock,0,3,0,54.7
https://mikes-house-clearance.co.uk/services/office-clearances/downderry-pl11,rubbish clearance downderry,0,1,0,16
https://mikes-house-clearance.co.uk/services/office-clearances/helston-tr13,dalston office clearance,0,1,0,74
https://mikes-house-clearance.co.uk/services/office-clearances/helston-tr13,office clearance dalkeith,0,7,0,95.7
https://mikes-house-clearance.co.uk/services/office-clearances/landrake-pl12,rubbish clearance landrake,0,3,0,49.3
https://mikes-house-clearance.co.uk/services/office-clearances/menheniot-pl14,rubbish clearance menheniot,0,2,0,29
https://mikes-house-clearance.co.uk/services/office-clearances/pendeen-tr19,office clearance aberdeen,0,107,0,49.8
https://mikes-house-clearance.co.uk/services/office-clearances/pendeen-tr19,office clearance peterhead,0,1,0,42
https://mikes-house-clearance.co.uk/services/office-clearances/st-germans-pl12,house clearance brookmans park,0,73,0,54.0
https://mikes-house-clearance.co.uk/services/office-clearances/st-teath-pl30,office clearance arbroath,0,3,0,42
https://mikes-house-clearance.co.uk/services/office-clearances/threemilestone-tr3,office clearance folkestone,0,2,0,55
https://mikes-house-clearance.co.uk/services/probate-bereavement/blackwater-tr4,probate clearance broadwater,0,1,0,6
https://mikes-house-clearance.co.uk/services/probate-bereavement/calstock-pl18,bereavement clearance in radstock,0,29,0,36.3
https://mikes-house-clearance.co.uk/services/probate-bereavement/calstock-pl18,deceased estate clearance in radstock,0,30,0,48
https://mikes-house-clearance.co.uk/services/probate-bereavement/canons-town-tr27,probate clearance haywards heath,0,2,0,48
https://mikes-house-clearance.co.uk/services/probate-bereavement/cawsand-pl10,probate and bereavement clearances windsor,0,31,0,44.6
https://mikes-house-clearance.co.uk/services/probate-bereavement/chacewater-tr4,probate clearance broadwater,0,1,0,48
https://mikes-house-clearance.co.uk/services/probate-bereavement/lanivet-pl30,probate clearance surrey,0,1,0,58
https://mikes-house-clearance.co.uk/services/probate-bereavement/lelant-tr26,probate clearance tarring,0,1,0,42
https://mikes-house-clearance.co.uk/services/probate-bereavement/marhamchurch-ex23,hamble probate clearance,0,2,0,33
https://mikes-house-clearance.co.uk/services/probate-bereavement/pendeen-tr19,probate clearance ovingdean,0,3,0,45.7
https://mikes-house-clearance.co.uk/services/probate-bereavement/portscatho-tr2,southsea probate clearance,0,1,0,39
https://mikes-house-clearance.co.uk/services/probate-bereavement/saltash-pl12,warsash probate clearance,0,1,0,47
https://mikes-house-clearance.co.uk/services/probate-bereavement/st-cleer-pl14,probate clearance surrey,0,20,0,59.6
https://mikes-house-clearance.co.uk/services/probate-bereavement/st-erth-tr27,probate clearance surrey,0,1,0,52
https://mikes-house-clearance.co.uk/services/probate-bereavement/st-germans-pl12,probate clearances welwyn garden city,0,39,0,53.9
https://mikes-house-clearance.co.uk/services/probate-bereavement/stratton-ex23,fratton probate clearance,0,2,0,30
https://mikes-house-clearance.co.uk/services/probate-bereavement/stratton-ex23,probate clearance hedge end,0,1,0,20
https://mikes-house-clearance.co.uk/services/rubbish-clearance/bratton-fleming-ex31/,fratton house clearance,0,1,0,85
https://mikes-house-clearance.co.uk/services/rubbish-clearance/bridgwater-ta6/,house clearance blackwater,0,1,0,74
https://mikes-house-clearance.co.uk/services/rubbish-clearance/bruton-ba10/,skip hire bruton,0,2,0,72.5
https://mikes-house-clearance.co.uk/services/rubbish-clearance/bruton-ba10/,waste management bruton,0,1,0,55
https://mikes-house-clearance.co.uk/services/rubbish-clearance/bruton-ba10/,waste removal bruton,0,1,0,28
https://mikes-house-clearance.co.uk/services/rubbish-clearance/buckland-monachorum-pl20/,rubbish clearance buckland monachorum,0,1,0,85
https://mikes-house-clearance.co.uk/services/rubbish-clearance/bude-ex23/,waste clearance near me,0,1,0,12
https://mikes-house-clearance.co.uk/services/rubbish-clearance/bude-ex23/,waste removal and clearance bude,0,1,0,23
https://mikes-house-clearance.co.uk/services/rubbish-clearance/bude-ex23/,waste removal services bude,0,1,0,29
https://mikes-house-clearance.co.uk/services/rubbish-clearance/callington-pl17,waste removal and clearance callington,0,1,0,14
https://mikes-house-clearance.co.uk/services/rubbish-clearance/calstock-pl18,rubbish clearance calstock,0,34,0,6.9
https://mikes-house-clearance.co.uk/services/rubbish-clearance/calstock-pl18/,rubbish clearance calstock,0,1,0,6
https://mikes-house-clearance.co.uk/services/rubbish-clearance/camborne-tr14,rubbish removal camborne,0,1,0,19
https://mikes-house-clearance.co.uk/services/rubbish-clearance/camborne-tr14/,house clearance camborne,0,1,0,49
https://mikes-house-clearance.co.uk/services/rubbish-clearance/camborne-tr14/,mikes rubbish,0,1,0,6
https://mikes-house-clearance.co.uk/services/rubbish-clearance/camborne-tr14/,rubbish removal camborne,0,1,0,68
https://mikes-house-clearance.co.uk/services/rubbish-clearance/cawsand-pl10,rubbish clearance kingsand,0,23,0,9.0
https://mikes-house-clearance.co.uk/services/rubbish-clearance/cawsand-pl10,rubbish clearance rame,0,4,0,17.5
https://mikes-house-clearance.co.uk/services/rubbish-clearance/clevedon-bs21/,soil waste removal clevedon,0,1,0,69
https://mikes-house-clearance.co.uk/services/rubbish-clearance/colyton-ex24/,10yd skip hire colyton,0,1,0,91
https://mikes-house-clearance.co.uk/services/rubbish-clearance/colyton-ex24/,8yd skip hire colyton,0,1,0,97
https://mikes-house-clearance.co.uk/services/rubbish-clearance/crediton-ex17/,4yd skip hire crediton,0,1,0,72
https://mikes-house-clearance.co.uk/services/rubbish-clearance/cullompton-ex15/,12yd skip hire cullompton,0,1,0,99
https://mikes-house-clearance.co.uk/services/rubbish-clearance/cullompton-ex15/,house clearance bishopton,0,1,0,47
https://mikes-house-clearance.co.uk/services/rubbish-clearance/cullompton-ex15/,house clearance in west brompton,0,1,0,66
https://mikes-house-clearance.co.uk/services/rubbish-clearance/dawlish-ex7/,dawlish removals,0,2,0,65.5
https://mikes-house-clearance.co.uk/services/rubbish-clearance/downderry-pl11,rubbish clearance downderry,0,20,0,6.7
https://mikes-house-clearance.co.uk/services/rubbish-clearance/goldsithney-tr20/,garage clearance witney,0,1,0,62
https://mikes-house-clearance.co.uk/services/rubbish-clearance/grampound-road-tr2,mike's removal,0,1,0,1
https://mikes-house-clearance.co.uk/services/rubbish-clearance/grampound-road-tr2,waste removal peasedown st john,0,3,0,89.7
https://mikes-house-clearance.co.uk/services/rubbish-clearance/gunnislake-pl18,rubbish clearance gunnislake,0,18,0,11.7
https://mikes-house-clearance.co.uk/services/rubbish-clearance/gunnislake-pl18/,appliance removal gunnislake,0,1,0,67
https://mikes-house-clearance.co.uk/services/rubbish-clearance/gunnislake-pl18/,rubbish clearance gunnislake,0,1,0,33
https://mikes-house-clearance.co.uk/services/rubbish-clearance/horrabridge-pl20/,rubbish clearance horrabridge,0,1,0,5
https://mikes-house-clearance.co.uk/services/rubbish-clearance/ilminster-ta19/,rubbish clearance westminster,0,1,0,95
https://mikes-house-clearance.co.uk/services/rubbish-clearance/ilminster-ta19/,westminster house clearance,0,2,0,93.5
https://mikes-house-clearance.co.uk/services/rubbish-clearance/launceston-pl15,waste removal and clearance launceston,0,2,0,12
https://mikes-house-clearance.co.uk/services/rubbish-clearance/longrock-tr20/,house clearance gourock,0,1,0,45
https://mikes-house-clearance.co.uk/services/rubbish-clearance/looe-pl13,appliance removal looe,0,2,0,14
https://mikes-house-clearance.co.uk/services/rubbish-clearance/looe-pl13/,rubbish clearance looe,0,2,0,31
https://mikes-house-clearance.co.uk/services/rubbish-clearance/lympstone-ex8/,lympstone shredding,0,1,0,55
https://mikes-house-clearance.co.uk/services/rubbish-clearance/marhamchurch-ex23/,house clearance hornchurch,0,3,0,72
https://mikes-house-clearance.co.uk/services/rubbish-clearance/marhamchurch-ex23/,house clearance tatsfield,0,2,0,73.5
https://mikes-house-clearance.co.uk/services/rubbish-clearance/menheniot-pl14,rubbish clearance menheniot,0,10,0,6.4
https://mikes-house-clearance.co.uk/services/rubbish-clearance/millbrook-pl10,rubbish clearance millbrook,0,4,0,11.8
https://mikes-house-clearance.co.uk/services/rubbish-clearance/modbury-pl21/,rubbish clearance modbury,0,1,0,58
https://mikes-house-clearance.co.uk/services/rubbish-clearance/musbury-ex13/,house clearance in westbury,0,1,0,73
https://mikes-house-clearance.co.uk/services/rubbish-clearance/nailsea-bs48/,skip hire nailsea,0,6,0,72.3
https://mikes-house-clearance.co.uk/services/rubbish-clearance/newton-abbot-tq12/,house clearance newton abbot,0,2,0,35
https://mikes-house-clearance.co.uk/services/rubbish-clearance/penwithick-pl26,mikes rubbish,0,6,0,7.8
https://mikes-house-clearance.co.uk/services/rubbish-clearance/penwithick-pl26/,rubbish removal lowick,0,1,0,83
https://mikes-house-clearance.co.uk/services/rubbish-clearance/penzance-tr18/,ground clearance penzance,0,1,0,30
https://mikes-house-clearance.co.uk/services/rubbish-clearance/portishead-bs20/,soil waste removal portishead,0,1,0,85
https://mikes-house-clearance.co.uk/services/rubbish-clearance/radstock-ba3/,home contents removal in radstock,0,1,0,85
https://mikes-house-clearance.co.uk/services/rubbish-clearance/radstock-ba3/,office furniture removal in radstock,0,1,0,64
https://mikes-house-clearance.co.uk/services/rubbish-clearance/radstock-ba3/,probate clearance in radstock,0,1,0,14
https://mikes-house-clearance.co.uk/services/rubbish-clearance/radstock-ba3/,property declutter in radstock,0,1,0,49
https://mikes-house-clearance.co.uk/services/rubbish-clearance/radstock-ba3/,skip hire radstock,0,1,0,90
https://mikes-house-clearance.co.uk/services/rubbish-clearance/radstock-ba3/,waste management radstock,0,2,0,61.5
https://mikes-house-clearance.co.uk/services/rubbish-clearance/salcombe-tq8/,house clearance addiscombe,0,1,0,58
https://mikes-house-clearance.co.uk/services/rubbish-clearance/salcombe-tq8/,house clearance high wycombe,0,2,0,71.5
https://mikes-house-clearance.co.uk/services/rubbish-clearance/south-brent-tq10/,rubbish clearance south brent,0,2,0,20.5
https://mikes-house-clearance.co.uk/services/rubbish-clearance/south-molton-ex36/,rubbish clearance modbury,0,1,0,60
https://mikes-house-clearance.co.uk/services/rubbish-clearance/st-austell-pl25/,house clearance st austell,0,1,0,46
https://mikes-house-clearance.co.uk/services/rubbish-clearance/st-germans-pl12,junk clearance brookmans park,0,23,0,66.0
https://mikes-house-clearance.co.uk/services/rubbish-clearance/st-germans-pl12,rubbish clear brookmans park,0,41,0,65.2
https://mikes-house-clearance.co.uk/services/rubbish-clearance/st-germans-pl12,rubbish clearance brookmans park,0,38,0,72.8
https://mikes-house-clearance.co.uk/services/rubbish-clearance/st-germans-pl12,rubbish clearance st germans,0,2,0,6
https://mikes-house-clearance.co.uk/services/rubbish-clearance/st-germans-pl12,waste clearance brookmans park,0,17,0,67.1
https://mikes-house-clearance.co.uk/services/rubbish-clearance/tedburn-st-mary-ex6/,house clearance springburn,0,1,0,49
https://mikes-house-clearance.co.uk/services/rubbish-clearance/torpoint-pl11,rubbish clearance rame,0,16,0,10.1
https://mikes-house-clearance.co.uk/services/rubbish-clearance/torpoint-pl11,rubbish clearance torpoint,0,10,0,15.4
https://mikes-house-clearance.co.uk/services/rubbish-clearance/wells-ba5/,house clearance company in wells,0,1,0,45
https://mikes-house-clearance.co.uk/services/rubbish-clearance/wells-ba5/,waste removal wells,0,1,0,69
https://mikes-house-clearance.co.uk/services/rubbish-clearance/weston-super-mare-bs22/,garage clearance in weston-super-mare,0,1,0,63
https://mikes-house-clearance.co.uk/services/rubbish-clearance/weston-super-mare-bs22/,house clearance in weston-super-mare,0,1,0,52
https://mikes-house-clearance.co.uk/services/rubbish-clearance/weston-super-mare-bs22/,house clearance weston super mare,0,3,0,52.7
https://mikes-house-clearance.co.uk/services/rubbish-clearance/weston-super-mare-bs22/,rubbish removal weston super mare,0,1,0,75
https://mikes-house-clearance.co.uk/services/rubbish-clearance/weston-super-mare-bs22/,waste clearance in weston-super-mare,0,1,0,74
https://mikes-house-clearance.co.uk/services/rubbish-clearance/withnoe-pl11,rubbish clearance rame,0,3,0,52
https://mikes-house-clearance.co.uk/terms-conditions,mike's waste disposal,0,2,0,8
